Time, solution(0), solution(1)
0, 6.567735618621011, 44.13515115610312
1, 6.567735618621011, 44.13515115610312
